Edad,Genero,Raza,Hora,Ciudad,Estacion,Dia Festivo,Tipo de Refresco,Region de la Ciudad
63,Man,latino hispanic,18,Ambato,Verano,False,Ginger Ale,Sierra
27,Woman,latino hispanic,16,Calceta,Invierno,False,Jamaica,Costa
30,Man,middle eastern,14,Bolivar,Invierno,False,Tonica,Sierra
46,Woman,middle eastern,15,Latacunga,Verano,True,7-Up,Sierra
34,Man,asian,19,Santo Domingo de los Tsachilas,Verano,True,Guarana,Costa
39,Man,middle eastern,11,Manta,Verano,True,Guarana,Costa
34,Woman,asian,16,Samborondon,Invierno,True,7-Up,Costa
38,Man,middle eastern,10,Machala,Invierno,False,Jamaica,Costa
50,Man,white,18,Baños de Agua Santa,Verano,False,Sprite,Sierra
32,Man,white,12,Santa Ana,Verano,True,Ginger Ale,Costa
21,Man,middle eastern,11,Latacunga,Invierno,False,Ginger Ale,Sierra
22,Woman,latino hispanic,22,Guaranda,Invierno,False,Tonica,Sierra
27,Woman,black,11,Bolivar,Verano,True,7-Up,Sierra
48,Woman,white,20,Puyo,Invierno,True,Coca-Cola,Oriente
69,Man,black,15,Balzar,Verano,True,Tonica,Costa
61,Man,asian,19,Atuntaqui,Verano,False,Pepsi,Sierra
66,Man,white,11,Sucre,Verano,False,Pepsi,Costa
24,Man,black,13,Daule,Invierno,False,Pepsi,Costa
12,Man,asian,21,San Lorenzo,Verano,False,Guarana,Costa
20,Man,white,21,Puerto Villamil,Verano,True,Fanta,Galapagos
62,Woman,indian,20,Cariamanga,Verano,True,Coca-Cola,Sierra
69,Man,indian,20,Catamayo,Invierno,False,Jamaica,Sierra
70,Man,asian,19,Rocafuerte,Invierno,True,Jamaica,Costa
58,Man,asian,16,Manta,Verano,False,Pepsi,Costa
63,Woman,latino hispanic,18,Daule,Invierno,True,Sprite,Costa
68,Woman,indian,18,Manta,Verano,False,Pepsi,Costa
66,Man,latino hispanic,14,La Libertad,Invierno,True,Ginger Ale,Costa
27,Man,white,8,Manta,Verano,True,Jamaica,Costa
16,Woman,asian,22,Cariamanga,Invierno,True,Jamaica,Sierra
39,Woman,indian,20,Gualaceo,Invierno,True,Coca-Cola,Sierra
61,Man,asian,19,Calceta,Verano,True,Sprite,Costa
58,Woman,black,16,Vinces,Invierno,False,Ginger Ale,Costa
40,Woman,middle eastern,22,San Lorenzo,Invierno,False,Guarana,Costa
32,Woman,white,13,Loja,Verano,False,Coca-Cola,Sierra
13,Woman,middle eastern,22,Ibarra,Invierno,False,Fanta,Sierra
64,Woman,middle eastern,15,Manta,Invierno,False,Sprite,Costa
63,Man,latino hispanic,10,Guayaquil,Invierno,True,Ginger Ale,Costa
12,Woman,latino hispanic,19,Latacunga,Invierno,False,Ginger Ale,Sierra
51,Woman,middle eastern,13,Vinces,Verano,False,7-Up,Costa
14,Woman,black,11,Calceta,Invierno,True,Guarana,Costa
43,Man,indian,21,Zamora,Invierno,False,7-Up,Oriente
63,Man,black,20,Portoviejo,Invierno,True,Coca-Cola,Costa
34,Woman,white,14,Naranjal,Invierno,False,Fanta,Costa
59,Man,latino hispanic,13,Azogues,Invierno,True,Tonica,Sierra
31,Man,white,18,Cotacachi,Verano,False,Pepsi,Sierra
56,Man,latino hispanic,10,Pasaje,Invierno,True,Sprite,Costa
15,Woman,black,21,Jipijapa,Verano,False,Coca-Cola,Costa
37,Man,white,21,Banos,Verano,True,Agua mineral,Costa
44,Woman,latino hispanic,17,Puyo,Verano,False,Sprite,Oriente
62,Woman,latino hispanic,14,San Gabriel,Verano,False,Tonica,Sierra
59,Woman,asian,10,Samborondon,Invierno,False,7-Up,Costa
52,Man,middle eastern,15,Rosa Zarate,Verano,False,Jamaica,Costa
30,Woman,white,13,Santo Domingo de los Tsachilas,Invierno,False,Sprite,Costa
59,Woman,black,21,Jipijapa,Invierno,False,Ginger Ale,Costa
10,Woman,asian,9,Muisne,Invierno,False,7-Up,Costa
31,Man,indian,15,Riobamba,Invierno,False,Jamaica,Sierra
17,Man,white,18,Manta,Verano,False,Jamaica,Costa
42,Woman,white,13,Gonzanama,Verano,True,Coca-Cola,Sierra
24,Woman,black,14,Muisne,Verano,True,Tonica,Costa
69,Woman,black,17,Puyo,Invierno,False,Tonica,Oriente
55,Man,middle eastern,12,San Lorenzo,Verano,True,Coca-Cola,Costa
50,Woman,asian,21,Milagro,Verano,False,Tonica,Costa
59,Woman,asian,14,Latacunga,Verano,True,Ginger Ale,Sierra
60,Woman,indian,9,Azogues,Invierno,True,Ginger Ale,Sierra
29,Woman,asian,19,Babahoyo,Invierno,False,7-Up,Costa
52,Man,indian,8,Cotacachi,Verano,True,7-Up,Sierra
20,Woman,middle eastern,21,Puyo,Verano,True,Agua mineral,Oriente
64,Woman,indian,15,Latacunga,Invierno,False,Fanta,Sierra
17,Man,latino hispanic,8,Cariamanga,Verano,True,Agua mineral,Sierra
28,Man,asian,9,Puerto Villamil,Invierno,True,Ginger Ale,Galapagos
58,Man,asian,15,Machachi,Verano,False,Sprite,Sierra
43,Woman,black,22,Azogues,Verano,True,Agua mineral,Sierra
36,Man,black,17,Pedernales,Invierno,True,7-Up,Costa
32,Woman,black,21,Tena,Invierno,False,Ginger Ale,Oriente
32,Man,middle eastern,12,Tulcan,Invierno,False,Pepsi,Sierra
48,Woman,asian,9,Pelileo,Invierno,False,Fanta,Sierra
18,Woman,white,15,Zamora,Invierno,True,7-Up,Oriente
14,Woman,black,11,La Mana,Invierno,False,Pepsi,Sierra
33,Man,latino hispanic,18,Santa Elena,Invierno,True,Pepsi,Costa
60,Man,middle eastern,20,Catamayo,Invierno,False,Sprite,Sierra
52,Man,white,17,Milagro,Verano,True,Pepsi,Costa
31,Man,indian,21,Milagro,Invierno,True,Jamaica,Costa
55,Man,middle eastern,11,Yantzaza,Invierno,True,Sprite,Oriente
53,Woman,indian,19,Tulcan,Verano,True,Fanta,Sierra
66,Man,black,20,Santa Elena,Verano,True,Agua mineral,Costa
70,Woman,black,21,Quito,Invierno,False,Tonica,Sierra
39,Woman,black,21,El Carmen,Verano,True,Pepsi,Costa
30,Woman,latino hispanic,16,Puerto Francisco de Orellana,Verano,False,Fanta,Oriente
61,Man,latino hispanic,13,Yaguachi,Verano,False,Sprite,Costa
30,Man,black,10,Guayaquil,Invierno,True,Pepsi,Costa
14,Woman,asian,9,Rocafuerte,Invierno,False,Sprite,Costa
36,Man,asian,8,Guaranda,Verano,True,Coca-Cola,Sierra
66,Woman,indian,14,Tena,Verano,False,Jamaica,Oriente
16,Man,black,18,La Troncal,Verano,True,7-Up,Costa
13,Woman,asian,21,Sucre,Verano,True,Coca-Cola,Costa
69,Woman,asian,8,Azogues,Verano,False,Sprite,Sierra
45,Man,indian,13,Coca,Verano,False,Ginger Ale,Oriente
48,Woman,asian,18,Muisne,Invierno,False,Fanta,Costa
52,Woman,indian,17,Guaranda,Invierno,False,Pepsi,Sierra
46,Man,middle eastern,14,Rocafuerte,Invierno,True,Tonica,Costa
67,Man,black,11,Bolivar,Verano,True,Guarana,Sierra
20,Man,middle eastern,10,Guayaquil,Verano,False,7-Up,Costa
54,Man,asian,20,Playas,Invierno,False,Coca-Cola,Costa
13,Man,middle eastern,14,Ambato,Verano,False,Sprite,Sierra
51,Woman,white,20,Chone,Verano,True,Pepsi,Costa
55,Man,latino hispanic,21,Ambato,Invierno,False,Fanta,Sierra
35,Woman,asian,15,Cayambe,Invierno,False,Tonica,Sierra
25,Woman,middle eastern,20,Atuntaqui,Verano,True,Pepsi,Sierra
19,Woman,middle eastern,19,Loja,Verano,True,Guarana,Sierra
57,Woman,asian,22,Muisne,Invierno,True,7-Up,Costa
37,Woman,black,11,Santa Ana,Verano,True,Tonica,Costa
17,Man,white,12,San Vicente,Invierno,True,Jamaica,Costa
21,Man,black,14,Tena,Invierno,False,Sprite,Oriente
17,Man,latino hispanic,16,Portoviejo,Verano,True,Tonica,Costa
44,Man,middle eastern,17,Cuenca,Verano,True,Fanta,Sierra
46,Man,latino hispanic,12,Puerto Ayora,Invierno,True,Fanta,Galapagos
57,Woman,indian,18,Balzar,Invierno,False,Guarana,Costa
33,Man,indian,20,Montecristi,Verano,True,Agua mineral,Costa
38,Man,latino hispanic,18,Cariamanga,Invierno,False,Pepsi,Sierra
29,Man,asian,22,Salinas,Invierno,False,Ginger Ale,Costa
54,Man,white,19,Vinces,Invierno,True,Pepsi,Costa
63,Man,white,9,El Carmen,Verano,True,Ginger Ale,Costa
44,Woman,latino hispanic,18,El Carmen,Invierno,False,Ginger Ale,Costa
64,Man,middle eastern,13,Milagro,Invierno,True,Guarana,Costa
18,Woman,latino hispanic,13,Cariamanga,Verano,True,Jamaica,Sierra
52,Woman,indian,9,Atuntaqui,Invierno,True,Guarana,Sierra
51,Man,white,21,San Lorenzo,Verano,True,Pepsi,Costa
50,Woman,white,22,Loja,Verano,False,7-Up,Sierra
25,Man,indian,9,Babahoyo,Verano,True,Jamaica,Costa
32,Man,asian,12,Santo Domingo de los Tsachilas,Verano,False,7-Up,Costa
56,Woman,asian,10,Ibarra,Verano,False,Agua mineral,Sierra
36,Man,latino hispanic,16,Guayaquil,Verano,True,7-Up,Costa
41,Woman,middle eastern,9,Azogues,Verano,True,Agua mineral,Sierra
35,Man,black,13,Pedernales,Invierno,True,Fanta,Costa
12,Man,white,16,Loja,Verano,True,Agua mineral,Sierra
59,Man,latino hispanic,20,Pelileo,Verano,True,Sprite,Sierra
40,Man,asian,22,Puerto López,Verano,False,Ginger Ale,Costa
47,Woman,indian,22,Santa Rosa,Verano,True,Tonica,Costa
58,Man,latino hispanic,19,Cuenca,Verano,False,Jamaica,Sierra
52,Man,middle eastern,19,Puerto Francisco de Orellana,Verano,True,Guarana,Oriente
63,Woman,white,9,Azogues,Verano,True,Jamaica,Sierra
57,Woman,indian,12,Santa Rosa,Verano,True,Jamaica,Costa
28,Man,middle eastern,21,Pedernales,Invierno,False,Jamaica,Costa
64,Man,latino hispanic,11,Ambato,Invierno,True,Sprite,Sierra
65,Man,indian,15,Latacunga,Verano,False,Pepsi,Sierra
58,Woman,white,17,San Lorenzo,Invierno,True,Agua mineral,Costa
35,Man,indian,10,Tena,Verano,True,Agua mineral,Oriente
58,Woman,black,10,Riobamba,Invierno,False,Guarana,Sierra
33,Woman,middle eastern,16,Zamora,Verano,True,Agua mineral,Oriente
13,Man,black,11,Bolivar,Invierno,False,Agua mineral,Sierra
46,Woman,white,8,Gualaceo,Invierno,False,Pepsi,Sierra
51,Man,indian,12,Cariamanga,Invierno,True,Sprite,Sierra
23,Man,latino hispanic,20,Babahoyo,Verano,False,Fanta,Costa
21,Man,latino hispanic,14,Guaranda,Verano,False,Agua mineral,Sierra
69,Man,indian,15,Azogues,Verano,True,Jamaica,Sierra
47,Woman,asian,9,Azogues,Verano,False,Tonica,Sierra
29,Man,latino hispanic,18,Santa Ana,Invierno,False,Ginger Ale,Costa
18,Woman,indian,8,Puerto López,Invierno,False,Pepsi,Costa
19,Man,middle eastern,12,Bolivar,Invierno,False,Tonica,Sierra
16,Woman,middle eastern,15,Samborondon,Invierno,False,Agua mineral,Costa
43,Woman,white,19,Rosa Zarate,Invierno,False,Jamaica,Costa
27,Woman,white,18,Guaranda,Invierno,False,Guarana,Sierra
49,Woman,middle eastern,21,Guaranda,Verano,False,Coca-Cola,Sierra
36,Woman,latino hispanic,10,Atuntaqui,Invierno,False,Pepsi,Sierra
27,Man,middle eastern,8,Gualaceo,Invierno,False,Fanta,Sierra
18,Man,white,13,Coca,Verano,True,Fanta,Oriente
20,Man,middle eastern,14,Tulcan,Invierno,True,Coca-Cola,Sierra
67,Man,middle eastern,12,Salinas,Invierno,False,Jamaica,Costa
41,Woman,white,16,Loja,Verano,True,Jamaica,Sierra
59,Man,white,15,Yantzaza,Invierno,True,Guarana,Oriente
67,Woman,asian,17,Bolivar,Verano,False,Coca-Cola,Sierra
49,Woman,indian,20,Puerto Villamil,Verano,False,Guarana,Galapagos
30,Woman,middle eastern,13,Puerto Francisco de Orellana,Verano,True,7-Up,Oriente
14,Man,asian,18,Santa Elena,Invierno,False,Pepsi,Costa
18,Woman,black,19,Guayaquil,Invierno,False,Pepsi,Costa
38,Woman,middle eastern,14,Cayambe,Invierno,True,Agua mineral,Sierra
57,Woman,latino hispanic,9,Portoviejo,Verano,False,Guarana,Costa
58,Man,middle eastern,17,San Vicente,Verano,False,Coca-Cola,Costa
23,Woman,indian,10,Sucre,Verano,True,Jamaica,Costa
63,Woman,indian,17,Muisne,Invierno,False,Jamaica,Costa
17,Woman,indian,20,San Vicente,Verano,True,Fanta,Costa
69,Woman,middle eastern,22,Babahoyo,Verano,False,Agua mineral,Costa
69,Man,middle eastern,11,Milagro,Invierno,True,Jamaica,Costa
11,Man,middle eastern,21,Samborondon,Invierno,True,Agua mineral,Costa
53,Woman,latino hispanic,8,Yaguachi,Invierno,True,Tonica,Costa
17,Man,middle eastern,20,Macas,Verano,False,7-Up,Oriente
53,Woman,asian,10,San Gabriel,Verano,False,Sprite,Sierra
66,Woman,black,19,Pelileo,Invierno,False,Agua mineral,Sierra
21,Man,indian,8,Puerto Ayora,Verano,False,Tonica,Galapagos
33,Woman,black,14,Jipijapa,Invierno,True,Sprite,Costa
16,Woman,middle eastern,22,Ibarra,Invierno,True,Coca-Cola,Sierra
50,Woman,black,10,Salinas,Invierno,True,Jamaica,Costa
53,Man,middle eastern,22,Cayambe,Invierno,False,Fanta,Sierra
69,Man,latino hispanic,20,Calceta,Invierno,False,Tonica,Costa
55,Woman,indian,14,Guayaquil,Verano,False,Pepsi,Costa
36,Man,asian,12,Tulcan,Invierno,True,Guarana,Sierra
40,Man,black,16,Puerto Ayora,Invierno,True,Pepsi,Galapagos
50,Man,middle eastern,17,Salinas,Verano,True,Guarana,Costa
37,Man,latino hispanic,16,Pedernales,Verano,False,Pepsi,Costa
68,Woman,latino hispanic,8,Vinces,Verano,True,Coca-Cola,Costa
42,Woman,asian,19,Cuenca,Invierno,False,Coca-Cola,Sierra
34,Woman,asian,20,Santa Elena,Invierno,False,Guarana,Costa
65,Man,middle eastern,18,La Libertad,Verano,False,Tonica,Costa
26,Woman,middle eastern,20,Latacunga,Invierno,False,Fanta,Sierra
32,Woman,asian,8,Babahoyo,Verano,True,Fanta,Costa
67,Man,black,10,Vinces,Invierno,True,Sprite,Costa
22,Woman,middle eastern,21,La Mana,Verano,False,Jamaica,Sierra
15,Man,white,16,Atuntaqui,Verano,True,Tonica,Sierra
44,Man,white,20,Machala,Verano,True,Agua mineral,Costa
55,Woman,latino hispanic,19,Pedernales,Invierno,False,7-Up,Costa
29,Man,black,15,Cayambe,Verano,True,Fanta,Sierra
70,Woman,middle eastern,19,Zamora,Invierno,False,Jamaica,Oriente
24,Man,black,13,Samborondon,Verano,False,Pepsi,Costa
49,Man,middle eastern,13,Coca,Invierno,True,7-Up,Oriente
45,Woman,asian,19,Jipijapa,Verano,False,Agua mineral,Costa
14,Woman,white,16,Vinces,Invierno,True,Sprite,Costa
51,Man,indian,19,Santa Ana,Verano,True,Coca-Cola,Costa
55,Man,black,14,Portoviejo,Invierno,True,Jamaica,Costa
45,Man,latino hispanic,21,Quito,Verano,False,Coca-Cola,Sierra
53,Woman,white,11,Puerto Ayora,Invierno,True,Ginger Ale,Galapagos
62,Man,asian,9,Puyo,Invierno,False,Fanta,Oriente
51,Woman,white,13,Coca,Verano,True,Guarana,Oriente
50,Man,black,14,Azogues,Invierno,True,Jamaica,Sierra
70,Woman,latino hispanic,13,Samborondon,Invierno,False,Agua mineral,Costa
50,Man,indian,18,Puerto Villamil,Verano,False,Agua mineral,Galapagos
48,Man,black,11,Tena,Invierno,True,Sprite,Oriente
65,Man,white,20,Zamora,Verano,True,Jamaica,Oriente
13,Woman,indian,17,Latacunga,Verano,True,Jamaica,Sierra
29,Woman,middle eastern,20,Zamora,Invierno,False,Sprite,Oriente
37,Woman,asian,12,Salinas,Verano,False,Pepsi,Costa
61,Woman,latino hispanic,20,Loja,Invierno,False,Pepsi,Sierra
29,Man,indian,19,Calceta,Invierno,True,Guarana,Costa
45,Man,white,9,Naranjal,Verano,False,Fanta,Costa
51,Woman,indian,17,La Mana,Verano,False,Ginger Ale,Sierra
42,Woman,white,18,Muisne,Invierno,True,Agua mineral,Costa
17,Man,indian,11,Esmeraldas,Verano,False,Jamaica,Costa
70,Woman,white,18,Cayambe,Invierno,True,7-Up,Sierra
40,Woman,latino hispanic,20,Nueva Loja,Verano,True,7-Up,Oriente
33,Man,asian,11,Tulcan,Verano,False,Guarana,Sierra
12,Man,middle eastern,10,Tena,Invierno,False,Sprite,Oriente
33,Woman,black,15,El Carmen,Verano,True,Agua mineral,Costa
38,Woman,white,10,Banos,Verano,False,Fanta,Costa
23,Woman,black,17,San Vicente,Invierno,False,Pepsi,Costa
65,Man,black,20,Sucre,Invierno,True,Coca-Cola,Costa
69,Woman,middle eastern,8,Santa Ana,Invierno,False,Jamaica,Costa
35,Man,latino hispanic,22,Puerto López,Verano,True,Jamaica,Costa
67,Man,white,19,Catamayo,Verano,True,Guarana,Sierra
55,Man,white,18,Cotacachi,Verano,True,Pepsi,Sierra
66,Man,indian,19,Machachi,Invierno,False,Sprite,Sierra
53,Woman,black,18,Ibarra,Invierno,True,Jamaica,Sierra
22,Woman,indian,17,Montecristi,Invierno,False,Jamaica,Costa
38,Woman,latino hispanic,15,Naranjal,Invierno,False,Agua mineral,Costa
45,Woman,white,15,Santa Ana,Verano,False,Ginger Ale,Costa
36,Man,indian,20,Esmeraldas,Verano,False,Agua mineral,Costa
51,Man,black,13,Yaguachi,Invierno,False,Pepsi,Costa
62,Woman,black,13,Bolivar,Invierno,True,Sprite,Sierra
69,Man,latino hispanic,22,Puerto Francisco de Orellana,Verano,False,Fanta,Oriente
50,Man,black,18,San Vicente,Invierno,False,Coca-Cola,Costa
46,Woman,white,15,Azogues,Invierno,False,Jamaica,Sierra
10,Woman,asian,10,Vinces,Verano,False,Tonica,Costa
33,Man,middle eastern,9,Guaranda,Invierno,True,Tonica,Sierra
12,Woman,white,13,Montecristi,Verano,True,Guarana,Costa
30,Woman,asian,15,Daule,Invierno,False,Jamaica,Costa
19,Woman,white,14,Cotacachi,Invierno,True,Pepsi,Sierra
17,Woman,indian,16,Pelileo,Invierno,True,Tonica,Sierra
27,Man,white,13,Calceta,Invierno,False,Coca-Cola,Costa
16,Woman,latino hispanic,19,Babahoyo,Verano,False,Agua mineral,Costa
52,Woman,indian,12,Ambato,Verano,True,Pepsi,Sierra
68,Woman,indian,13,Zamora,Invierno,True,Agua mineral,Oriente
48,Woman,asian,18,Rocafuerte,Verano,False,Fanta,Costa
55,Man,latino hispanic,16,Loja,Invierno,True,Coca-Cola,Sierra
58,Man,latino hispanic,10,San Gabriel,Verano,False,Sprite,Sierra
42,Man,black,10,Azogues,Verano,True,Sprite,Sierra
34,Man,white,18,Santa Elena,Verano,False,7-Up,Costa
61,Woman,latino hispanic,16,Santa Rosa,Verano,True,7-Up,Costa
45,Man,middle eastern,12,Yantzaza,Invierno,False,Sprite,Oriente
63,Woman,white,18,Chone,Verano,True,Ginger Ale,Costa
50,Woman,white,22,Vinces,Verano,True,Ginger Ale,Costa
47,Man,middle eastern,10,Babahoyo,Verano,False,Ginger Ale,Costa
61,Woman,white,14,La Mana,Invierno,True,Coca-Cola,Sierra
23,Woman,indian,11,Babahoyo,Verano,True,Sprite,Costa
60,Woman,white,19,Santa Ana,Verano,False,Guarana,Costa
23,Man,asian,22,Banos,Invierno,False,Tonica,Costa
46,Man,latino hispanic,14,Baños de Agua Santa,Verano,False,Jamaica,Sierra
64,Man,middle eastern,8,Latacunga,Invierno,True,Jamaica,Sierra
64,Man,latino hispanic,8,Catamayo,Verano,True,Sprite,Sierra
13,Man,middle eastern,16,Pelileo,Invierno,False,Fanta,Sierra
68,Man,middle eastern,12,Naranjal,Verano,True,Ginger Ale,Costa
43,Man,indian,13,Jipijapa,Verano,True,Coca-Cola,Costa
42,Woman,white,13,Puerto Francisco de Orellana,Invierno,False,Fanta,Oriente
20,Man,black,19,Gualaceo,Verano,True,Coca-Cola,Sierra
36,Man,middle eastern,9,Muisne,Invierno,False,Fanta,Costa
56,Woman,black,22,Puerto Francisco de Orellana,Invierno,True,Jamaica,Oriente
70,Man,black,13,Puerto Villamil,Invierno,True,Guarana,Galapagos
63,Man,black,13,Pedernales,Invierno,False,Guarana,Costa
10,Man,middle eastern,10,Riobamba,Verano,True,Ginger Ale,Sierra
58,Woman,middle eastern,9,Santa Elena,Verano,False,Sprite,Costa
38,Man,middle eastern,10,Jipijapa,Verano,True,Fanta,Costa
35,Woman,indian,22,Machala,Invierno,False,7-Up,Costa
17,Man,asian,12,San Gabriel,Verano,True,Agua mineral,Sierra
34,Woman,indian,10,Santo Domingo de los Tsachilas,Invierno,True,Sprite,Costa
50,Woman,asian,11,Jipijapa,Verano,False,Pepsi,Costa
49,Man,latino hispanic,11,Machachi,Invierno,True,Agua mineral,Sierra
11,Woman,latino hispanic,14,Santa Ana,Invierno,True,Guarana,Costa
34,Man,indian,8,Playas,Invierno,False,Agua mineral,Costa
57,Woman,middle eastern,20,Manta,Invierno,True,Coca-Cola,Costa
50,Woman,white,12,Yantzaza,Invierno,False,Coca-Cola,Oriente
15,Man,white,19,San Gabriel,Verano,True,7-Up,Sierra
43,Man,middle eastern,10,Puerto Villamil,Verano,False,Pepsi,Galapagos
53,Man,middle eastern,8,Vinces,Invierno,False,Tonica,Costa
40,Woman,middle eastern,9,Santa Elena,Invierno,True,Guarana,Costa
31,Woman,white,9,Pasaje,Invierno,False,Pepsi,Costa
22,Man,indian,13,Azogues,Invierno,False,Jamaica,Sierra
66,Man,latino hispanic,21,La Libertad,Invierno,False,Ginger Ale,Costa
21,Woman,latino hispanic,22,Macas,Invierno,True,7-Up,Oriente
56,Man,white,8,Loja,Invierno,False,Pepsi,Sierra
44,Man,latino hispanic,16,Milagro,Verano,False,Sprite,Costa
45,Man,middle eastern,22,San Lorenzo,Verano,True,Sprite,Costa
52,Man,white,20,Babahoyo,Verano,True,Jamaica,Costa
57,Man,black,11,Baños de Agua Santa,Verano,True,Coca-Cola,Sierra
62,Woman,black,21,Samborondon,Verano,False,Fanta,Costa
16,Man,black,22,Cotacachi,Invierno,True,Ginger Ale,Sierra
25,Man,latino hispanic,14,Cariamanga,Invierno,True,Agua mineral,Sierra
56,Woman,black,16,Santa Elena,Invierno,True,Tonica,Costa
24,Man,white,15,Pelileo,Verano,False,Jamaica,Sierra
12,Man,latino hispanic,11,Puerto López,Verano,False,Pepsi,Costa
22,Woman,latino hispanic,12,Montecristi,Invierno,False,7-Up,Costa
58,Woman,middle eastern,14,Atuntaqui,Invierno,True,Sprite,Sierra
30,Woman,white,17,Naranjal,Invierno,False,Ginger Ale,Costa
41,Man,indian,13,San Lorenzo,Verano,False,7-Up,Costa
50,Woman,asian,14,Puerto Francisco de Orellana,Verano,False,7-Up,Oriente
27,Man,middle eastern,10,Cariamanga,Verano,True,Ginger Ale,Sierra
48,Man,asian,9,Jipijapa,Invierno,False,Ginger Ale,Costa
70,Woman,middle eastern,18,Tena,Invierno,True,Sprite,Oriente
52,Man,white,8,Zamora,Invierno,True,Coca-Cola,Oriente
50,Man,middle eastern,18,Macas,Invierno,True,Agua mineral,Oriente
42,Man,asian,17,Bolivar,Invierno,False,Ginger Ale,Sierra
48,Woman,middle eastern,17,Sucre,Verano,False,Tonica,Costa
54,Man,latino hispanic,21,Pinas,Verano,False,Pepsi,Costa
21,Man,black,10,Santa Elena,Invierno,True,Sprite,Costa
11,Man,asian,14,Gualaceo,Verano,True,Pepsi,Sierra
27,Man,indian,16,Puyo,Verano,False,Agua mineral,Oriente
60,Woman,asian,11,Portoviejo,Verano,True,Tonica,Costa
17,Man,asian,15,Manta,Verano,False,7-Up,Costa
55,Woman,latino hispanic,15,Loja,Invierno,False,7-Up,Sierra
67,Man,indian,8,Puyo,Verano,False,Guarana,Oriente
49,Woman,latino hispanic,19,Machachi,Invierno,False,Guarana,Sierra
50,Woman,middle eastern,15,Vinces,Invierno,True,7-Up,Costa
13,Man,white,18,Catamayo,Invierno,False,Guarana,Sierra
30,Man,middle eastern,22,Cotacachi,Verano,False,Tonica,Sierra
21,Woman,black,9,Pelileo,Verano,False,Coca-Cola,Sierra
36,Woman,middle eastern,11,Salinas,Verano,True,Ginger Ale,Costa
51,Woman,black,13,El Carmen,Verano,True,Sprite,Costa
19,Man,indian,17,Santa Ana,Invierno,False,Sprite,Costa
58,Man,latino hispanic,22,Puerto López,Invierno,False,Ginger Ale,Costa
42,Man,latino hispanic,9,Guayaquil,Invierno,True,Coca-Cola,Costa
49,Man,black,17,Pinas,Invierno,False,Guarana,Costa
53,Woman,white,21,Machachi,Invierno,True,Fanta,Sierra
32,Woman,indian,14,Cariamanga,Verano,False,Sprite,Sierra
50,Man,asian,18,Manta,Verano,False,Fanta,Costa
61,Man,middle eastern,21,Esmeraldas,Invierno,False,Pepsi,Costa
35,Man,black,20,Coca,Verano,True,Tonica,Oriente
56,Woman,latino hispanic,10,Pedernales,Invierno,True,Coca-Cola,Costa
65,Man,white,8,Babahoyo,Verano,False,Pepsi,Costa
43,Woman,white,11,Samborondon,Invierno,False,Coca-Cola,Costa
30,Man,white,21,Puerto Ayora,Verano,True,Guarana,Galapagos
11,Man,indian,8,Puerto Villamil,Verano,False,Jamaica,Galapagos
22,Man,middle eastern,22,Esmeraldas,Invierno,True,7-Up,Costa
70,Man,asian,20,Rosa Zarate,Verano,False,7-Up,Costa
20,Man,middle eastern,10,Vinces,Invierno,False,Ginger Ale,Costa
35,Woman,latino hispanic,13,Milagro,Invierno,False,Agua mineral,Costa
23,Man,latino hispanic,16,Santa Elena,Verano,True,Coca-Cola,Costa
70,Man,black,18,Portoviejo,Verano,False,Pepsi,Costa
36,Woman,middle eastern,13,Naranjal,Invierno,False,7-Up,Costa
29,Man,black,19,Bolivar,Invierno,False,Sprite,Sierra
67,Woman,indian,20,Gualaceo,Verano,True,7-Up,Sierra
12,Woman,asian,11,El Carmen,Invierno,False,Guarana,Costa
20,Man,latino hispanic,19,Playas,Verano,False,Fanta,Costa
18,Man,indian,22,Baños de Agua Santa,Invierno,False,Sprite,Sierra
11,Man,asian,19,Riobamba,Invierno,True,Pepsi,Sierra
35,Man,indian,21,Santa Elena,Invierno,False,Pepsi,Costa
29,Woman,asian,14,Ibarra,Verano,False,Agua mineral,Sierra
62,Woman,asian,22,Guaranda,Verano,False,Ginger Ale,Sierra
46,Woman,middle eastern,15,San Vicente,Invierno,False,Fanta,Costa
32,Man,black,18,Muisne,Verano,True,Ginger Ale,Costa
36,Woman,latino hispanic,14,Nueva Loja,Verano,True,Pepsi,Oriente
48,Woman,latino hispanic,21,Daule,Invierno,False,Coca-Cola,Costa
30,Man,middle eastern,12,Santo Domingo de los Tsachilas,Verano,False,Jamaica,Costa
51,Man,latino hispanic,22,La Libertad,Invierno,False,Tonica,Costa
19,Man,asian,12,Rosa Zarate,Verano,True,Tonica,Costa
57,Man,black,11,Balzar,Verano,False,Sprite,Costa
15,Man,indian,22,Puerto Francisco de Orellana,Verano,False,Sprite,Oriente
31,Woman,white,15,Ibarra,Invierno,False,Coca-Cola,Sierra
46,Woman,latino hispanic,18,Loja,Verano,True,Pepsi,Sierra
33,Man,indian,22,Pedernales,Invierno,False,Pepsi,Costa
17,Woman,indian,12,La Libertad,Invierno,True,Agua mineral,Costa
16,Woman,white,17,Atuntaqui,Verano,False,Ginger Ale,Sierra
17,Man,indian,12,Yantzaza,Verano,False,Sprite,Oriente
58,Man,black,9,Gualaceo,Invierno,False,Tonica,Sierra
27,Woman,white,13,Puerto López,Invierno,False,Pepsi,Costa
41,Man,black,18,Cotacachi,Invierno,False,Guarana,Sierra
26,Woman,black,9,Milagro,Verano,True,Fanta,Costa
53,Man,indian,11,Pinas,Invierno,True,Guarana,Costa
16,Woman,white,19,Macas,Invierno,True,Fanta,Oriente
15,Woman,middle eastern,22,Ibarra,Invierno,True,Jamaica,Sierra
43,Man,asian,15,Muisne,Verano,False,Tonica,Costa
33,Man,asian,15,Muisne,Verano,False,Guarana,Costa
21,Man,black,8,Puerto Villamil,Verano,False,Coca-Cola,Galapagos
10,Woman,latino hispanic,21,Catamayo,Verano,False,Sprite,Sierra
58,Woman,white,10,Pinas,Verano,True,Sprite,Costa
38,Woman,middle eastern,19,Loja,Verano,True,7-Up,Sierra
67,Man,middle eastern,19,Ambato,Invierno,False,Sprite,Sierra
23,Woman,asian,8,Machala,Verano,True,Tonica,Costa
43,Woman,middle eastern,11,Zamora,Invierno,False,Coca-Cola,Oriente
50,Man,asian,22,Sucre,Verano,False,Agua mineral,Costa
18,Man,white,14,Azogues,Invierno,True,Pepsi,Sierra
15,Man,black,14,Guayaquil,Verano,False,Tonica,Costa
63,Man,latino hispanic,21,Jipijapa,Invierno,False,Fanta,Costa
27,Man,latino hispanic,14,Azogues,Verano,False,Guarana,Sierra
24,Woman,black,12,Portoviejo,Invierno,False,Fanta,Costa
10,Woman,asian,18,Cotacachi,Verano,False,Jamaica,Sierra
23,Woman,white,13,Daule,Verano,True,Pepsi,Costa
21,Woman,indian,22,Puerto Francisco de Orellana,Verano,False,Coca-Cola,Oriente
68,Woman,latino hispanic,20,Muisne,Invierno,False,Ginger Ale,Costa
23,Woman,latino hispanic,9,Milagro,Invierno,False,7-Up,Costa
13,Woman,indian,21,Naranjal,Verano,False,Jamaica,Costa
54,Man,middle eastern,19,Cuenca,Verano,False,Fanta,Sierra
59,Man,latino hispanic,19,Babahoyo,Invierno,False,Jamaica,Costa
34,Man,white,9,Salinas,Invierno,True,Jamaica,Costa
20,Woman,white,15,Balzar,Verano,True,Pepsi,Costa
70,Man,white,18,Daule,Invierno,True,Sprite,Costa
49,Man,latino hispanic,17,Cuenca,Invierno,True,Sprite,Sierra
54,Woman,asian,16,Latacunga,Verano,False,Jamaica,Sierra
13,Woman,white,8,Azogues,Invierno,False,Sprite,Sierra
58,Woman,white,21,Guaranda,Invierno,True,Pepsi,Sierra
41,Woman,white,12,Puerto López,Verano,False,Coca-Cola,Costa
64,Woman,middle eastern,8,Puerto López,Invierno,True,Jamaica,Costa
20,Woman,middle eastern,20,Machala,Verano,False,Sprite,Costa
15,Man,latino hispanic,16,Azogues,Invierno,False,7-Up,Sierra
65,Woman,white,10,Pasaje,Invierno,False,Agua mineral,Costa
19,Man,indian,8,La Mana,Verano,True,Coca-Cola,Sierra
31,Woman,black,8,Puerto Ayora,Verano,True,Tonica,Galapagos
11,Woman,black,14,Puerto López,Invierno,False,Fanta,Costa
47,Man,white,21,La Mana,Invierno,False,Agua mineral,Sierra
22,Woman,black,18,Yantzaza,Verano,False,Ginger Ale,Oriente
30,Woman,asian,22,Calceta,Verano,True,Fanta,Costa
30,Man,latino hispanic,13,Puerto López,Verano,True,Ginger Ale,Costa
27,Man,middle eastern,9,Muisne,Invierno,True,Ginger Ale,Costa
70,Man,latino hispanic,14,Macas,Verano,False,7-Up,Oriente
33,Woman,white,8,Pelileo,Invierno,False,Tonica,Sierra
67,Woman,middle eastern,17,Riobamba,Invierno,True,Coca-Cola,Sierra
57,Woman,indian,18,Santa Rosa,Verano,True,Coca-Cola,Costa
48,Man,indian,15,Santa Ana,Verano,False,Tonica,Costa
17,Woman,indian,13,Puerto Francisco de Orellana,Invierno,True,Sprite,Oriente
58,Man,asian,10,Quito,Invierno,False,Tonica,Sierra
33,Woman,white,12,Cayambe,Invierno,True,Agua mineral,Sierra
60,Woman,asian,17,Nueva Loja,Verano,False,Pepsi,Oriente
52,Woman,asian,9,Playas,Invierno,False,Tonica,Costa
13,Man,white,9,Yaguachi,Verano,False,Jamaica,Costa
26,Man,middle eastern,14,Samborondon,Invierno,True,Agua mineral,Costa
28,Woman,middle eastern,21,Guayaquil,Invierno,False,Coca-Cola,Costa
36,Woman,asian,17,Playas,Verano,True,Guarana,Costa
69,Man,black,8,Azogues,Invierno,True,Ginger Ale,Sierra
38,Man,white,18,Loja,Invierno,True,Fanta,Sierra
28,Woman,latino hispanic,14,Coca,Invierno,False,Sprite,Oriente
45,Man,asian,10,Baños de Agua Santa,Verano,False,Coca-Cola,Sierra
16,Woman,asian,20,Salinas,Invierno,False,Agua mineral,Costa
38,Woman,latino hispanic,16,Tena,Verano,True,Tonica,Oriente
35,Woman,latino hispanic,18,Pelileo,Invierno,True,Agua mineral,Sierra
68,Woman,white,11,Sucre,Invierno,True,Jamaica,Costa
10,Man,asian,8,Quito,Verano,True,Tonica,Sierra
70,Man,indian,11,Machachi,Invierno,False,Pepsi,Sierra
38,Woman,black,16,Sucre,Verano,False,Pepsi,Costa
40,Woman,middle eastern,13,San Vicente,Verano,False,Guarana,Costa
29,Man,indian,19,Salinas,Invierno,False,Jamaica,Costa
60,Woman,indian,8,Cariamanga,Verano,True,Ginger Ale,Sierra
58,Man,white,13,Puerto Ayora,Invierno,True,Ginger Ale,Galapagos
10,Man,middle eastern,11,Esmeraldas,Invierno,True,Fanta,Costa
41,Woman,indian,15,Santa Elena,Invierno,True,Coca-Cola,Costa
33,Woman,latino hispanic,9,Pasaje,Verano,False,Fanta,Costa
29,Woman,indian,20,Babahoyo,Invierno,True,Jamaica,Costa
15,Woman,middle eastern,12,Rosa Zarate,Invierno,True,Guarana,Costa
70,Woman,indian,13,Zamora,Invierno,True,Coca-Cola,Oriente
47,Woman,white,18,Yaguachi,Verano,True,Jamaica,Costa
13,Man,latino hispanic,15,Cariamanga,Invierno,True,Sprite,Sierra
33,Woman,asian,17,Azogues,Invierno,False,Guarana,Sierra
51,Woman,middle eastern,9,Santa Rosa,Verano,True,Sprite,Costa
31,Woman,white,19,Ibarra,Invierno,True,7-Up,Sierra
53,Woman,latino hispanic,18,Montecristi,Invierno,False,Coca-Cola,Costa
45,Woman,latino hispanic,13,Azogues,Verano,True,Pepsi,Sierra
15,Man,middle eastern,12,Macas,Verano,True,Sprite,Oriente
55,Woman,indian,15,Balzar,Invierno,False,Pepsi,Costa
35,Man,asian,11,Playas,Verano,True,Jamaica,Costa
70,Man,white,9,Playas,Verano,True,Sprite,Costa
66,Woman,white,20,Coca,Invierno,True,Ginger Ale,Oriente
53,Man,black,15,Macas,Verano,False,Guarana,Oriente
43,Man,middle eastern,18,La Mana,Invierno,False,Tonica,Sierra
15,Man,indian,18,Cayambe,Verano,False,Tonica,Sierra
64,Woman,black,18,San Gabriel,Invierno,False,Pepsi,Sierra
68,Woman,asian,16,Cayambe,Invierno,True,Sprite,Sierra
20,Man,asian,18,Daule,Verano,True,Coca-Cola,Costa
50,Woman,latino hispanic,13,La Mana,Verano,True,Guarana,Sierra
18,Woman,latino hispanic,8,Santa Elena,Verano,False,Guarana,Costa
57,Woman,middle eastern,11,Samborondon,Invierno,False,Sprite,Costa
58,Man,middle eastern,11,Montecristi,Verano,False,Ginger Ale,Costa
20,Man,middle eastern,17,Machachi,Invierno,True,Coca-Cola,Sierra
61,Woman,asian,14,Salinas,Invierno,True,Ginger Ale,Costa
27,Man,middle eastern,12,La Mana,Verano,False,Ginger Ale,Sierra
51,Woman,latino hispanic,14,Machachi,Verano,False,Tonica,Sierra
46,Woman,latino hispanic,13,Gonzanama,Invierno,True,Pepsi,Sierra
65,Man,white,12,Pinas,Invierno,False,Sprite,Costa
57,Man,black,14,Pelileo,Invierno,False,Agua mineral,Sierra
11,Woman,latino hispanic,15,Tena,Invierno,True,Fanta,Oriente
64,Man,white,9,Atuntaqui,Verano,True,Jamaica,Sierra
68,Man,latino hispanic,16,Zamora,Verano,True,Sprite,Oriente
57,Man,indian,20,Gualaceo,Verano,False,Fanta,Sierra
49,Man,white,19,Bolivar,Verano,True,7-Up,Sierra
37,Woman,white,10,Salinas,Verano,False,Pepsi,Costa
53,Woman,indian,13,Tulcan,Verano,True,Guarana,Sierra
28,Woman,indian,22,Nueva Loja,Invierno,True,Guarana,Oriente
18,Man,white,8,Baños de Agua Santa,Invierno,True,Sprite,Sierra
34,Man,white,10,La Mana,Verano,False,7-Up,Sierra
22,Woman,latino hispanic,11,Rocafuerte,Invierno,False,Coca-Cola,Costa
65,Woman,asian,8,Puyo,Verano,True,Coca-Cola,Oriente
16,Woman,asian,15,Salinas,Invierno,True,Sprite,Costa
43,Woman,latino hispanic,17,Pinas,Invierno,False,Tonica,Costa
51,Woman,asian,10,Sucre,Invierno,False,Coca-Cola,Costa
32,Man,middle eastern,17,Baños de Agua Santa,Verano,True,7-Up,Sierra
42,Man,latino hispanic,9,Bolivar,Invierno,False,Fanta,Sierra
70,Woman,asian,19,Portoviejo,Verano,False,Ginger Ale,Costa
46,Man,indian,8,Salinas,Verano,True,Fanta,Costa
47,Woman,middle eastern,13,Banos,Invierno,False,Coca-Cola,Costa
35,Man,white,21,Santa Elena,Invierno,False,Jamaica,Costa
35,Woman,white,14,Guaranda,Verano,True,Tonica,Sierra
69,Woman,white,22,Calceta,Invierno,False,Pepsi,Costa
34,Man,latino hispanic,18,San Gabriel,Invierno,False,Agua mineral,Sierra
54,Man,latino hispanic,11,Bolivar,Invierno,False,7-Up,Sierra
12,Man,asian,9,Puyo,Invierno,True,Agua mineral,Oriente
31,Man,indian,11,Pasaje,Invierno,True,Agua mineral,Costa
59,Woman,black,9,Sucre,Verano,True,Sprite,Costa
14,Man,asian,16,La Troncal,Verano,False,Guarana,Costa
34,Man,latino hispanic,15,El Carmen,Invierno,False,Guarana,Costa
52,Woman,middle eastern,17,Tena,Invierno,True,Ginger Ale,Oriente
22,Man,latino hispanic,19,Baños de Agua Santa,Invierno,True,Coca-Cola,Sierra
31,Woman,asian,11,Cariamanga,Invierno,False,Jamaica,Sierra
10,Man,black,9,Manta,Invierno,True,Ginger Ale,Costa
42,Woman,black,20,Manta,Verano,False,Guarana,Costa
66,Man,middle eastern,10,Cotacachi,Verano,False,Sprite,Sierra
27,Man,indian,18,Machachi,Invierno,False,Agua mineral,Sierra
50,Man,asian,9,Santa Rosa,Invierno,True,Fanta,Costa
42,Man,white,14,Guayaquil,Verano,False,Jamaica,Costa
12,Man,asian,17,Coca,Verano,False,Jamaica,Oriente
25,Woman,middle eastern,19,San Lorenzo,Invierno,True,Sprite,Costa
29,Man,middle eastern,19,Cotacachi,Verano,False,7-Up,Sierra
38,Man,white,13,Puyo,Verano,False,Agua mineral,Oriente
20,Man,latino hispanic,14,Cayambe,Verano,False,Guarana,Sierra
65,Woman,white,17,Manta,Invierno,True,Fanta,Costa
36,Man,black,20,San Lorenzo,Verano,True,Ginger Ale,Costa
64,Woman,white,11,Banos,Verano,True,Jamaica,Costa
22,Woman,indian,19,Muisne,Verano,True,Ginger Ale,Costa
40,Man,white,21,Pinas,Verano,True,Sprite,Costa
44,Woman,asian,17,La Libertad,Verano,False,Fanta,Costa
34,Woman,white,15,Puerto Villamil,Invierno,False,Ginger Ale,Galapagos
46,Man,black,13,Banos,Invierno,True,7-Up,Costa
19,Man,latino hispanic,8,Coca,Verano,False,Jamaica,Oriente
17,Man,middle eastern,15,Machala,Invierno,False,Pepsi,Costa
44,Woman,indian,17,Machala,Verano,True,Guarana,Costa
20,Man,latino hispanic,8,Samborondon,Verano,False,Sprite,Costa
68,Woman,indian,22,Banos,Invierno,False,Tonica,Costa
28,Woman,indian,20,Esmeraldas,Invierno,True,Sprite,Costa
50,Man,black,12,Santa Rosa,Invierno,False,Sprite,Costa
64,Man,asian,17,Santa Rosa,Invierno,True,Guarana,Costa
37,Woman,white,15,Pinas,Verano,True,Agua mineral,Costa
68,Man,indian,10,El Carmen,Verano,False,Fanta,Costa
19,Man,indian,13,Pinas,Invierno,False,Agua mineral,Costa
44,Man,indian,10,Tena,Invierno,True,Coca-Cola,Oriente
44,Man,latino hispanic,19,Esmeraldas,Verano,False,Coca-Cola,Costa
25,Man,indian,20,Playas,Invierno,False,Tonica,Costa
13,Man,indian,19,San Lorenzo,Invierno,True,Ginger Ale,Costa
15,Man,indian,22,Puyo,Invierno,False,7-Up,Oriente
13,Man,white,17,Nueva Loja,Verano,False,Fanta,Oriente
25,Man,latino hispanic,17,Chone,Invierno,False,Ginger Ale,Costa
28,Woman,indian,9,Guaranda,Verano,False,7-Up,Sierra
26,Woman,black,10,Jipijapa,Verano,True,Agua mineral,Costa
21,Woman,middle eastern,19,Esmeraldas,Invierno,False,Sprite,Costa
36,Woman,indian,19,Jipijapa,Verano,False,Guarana,Costa
66,Woman,middle eastern,20,Yantzaza,Verano,False,Tonica,Oriente
38,Man,indian,14,La Libertad,Invierno,False,Coca-Cola,Costa
56,Woman,black,17,Sucre,Verano,False,Coca-Cola,Costa
25,Woman,white,11,Latacunga,Invierno,True,Sprite,Sierra
31,Woman,indian,9,San Gabriel,Verano,True,Jamaica,Sierra
34,Man,black,11,Santo Domingo de los Tsachilas,Verano,False,Guarana,Costa
18,Man,black,19,Zamora,Invierno,True,7-Up,Oriente
45,Woman,black,9,Macas,Verano,False,Guarana,Oriente
52,Man,black,20,Macas,Verano,False,Ginger Ale,Oriente
30,Woman,middle eastern,8,Cotacachi,Invierno,False,Sprite,Sierra
61,Woman,white,14,Chone,Invierno,False,Sprite,Costa
24,Man,middle eastern,19,Babahoyo,Invierno,False,Ginger Ale,Costa
24,Man,asian,17,Coca,Invierno,False,Tonica,Oriente
58,Woman,asian,20,Playas,Invierno,True,Coca-Cola,Costa
33,Man,middle eastern,12,Portoviejo,Verano,True,Pepsi,Costa
48,Woman,indian,19,Rosa Zarate,Verano,False,Ginger Ale,Costa
36,Woman,asian,17,Cayambe,Verano,False,Guarana,Sierra
53,Woman,indian,8,Latacunga,Invierno,True,Jamaica,Sierra
61,Woman,indian,9,Balzar,Invierno,True,Agua mineral,Costa
26,Woman,middle eastern,13,Calceta,Verano,True,Pepsi,Costa
19,Man,indian,19,Guayaquil,Invierno,True,Tonica,Costa
56,Woman,middle eastern,11,Cuenca,Verano,False,Tonica,Sierra
46,Woman,asian,18,Yaguachi,Invierno,True,Ginger Ale,Costa
32,Woman,middle eastern,21,Baños de Agua Santa,Invierno,False,Jamaica,Sierra
57,Man,latino hispanic,22,Playas,Invierno,True,Pepsi,Costa
60,Woman,black,13,Machala,Verano,True,Coca-Cola,Costa
42,Man,black,16,Pedernales,Invierno,False,Sprite,Costa
14,Woman,indian,13,Pedernales,Invierno,True,Agua mineral,Costa
12,Woman,white,13,Cotacachi,Verano,True,Tonica,Sierra
61,Woman,white,17,Muisne,Invierno,False,Fanta,Costa
41,Woman,middle eastern,18,Salinas,Verano,False,Guarana,Costa
15,Woman,asian,18,Chone,Invierno,False,Tonica,Costa
60,Man,indian,16,San Gabriel,Verano,False,7-Up,Sierra
11,Woman,indian,10,Atuntaqui,Verano,True,Guarana,Sierra
68,Man,asian,20,Guaranda,Verano,False,Pepsi,Sierra
70,Man,black,18,Esmeraldas,Invierno,False,Tonica,Costa
52,Woman,asian,16,Milagro,Verano,True,Ginger Ale,Costa
22,Woman,indian,17,Portoviejo,Verano,False,7-Up,Costa
17,Woman,black,13,La Troncal,Verano,False,Sprite,Costa
15,Woman,latino hispanic,21,Salinas,Verano,False,Coca-Cola,Costa
14,Woman,middle eastern,14,Quito,Verano,True,Tonica,Sierra
47,Woman,indian,14,La Troncal,Invierno,True,Tonica,Costa
35,Man,white,16,Montecristi,Invierno,True,Guarana,Costa
62,Woman,black,21,Balzar,Verano,False,Tonica,Costa
33,Woman,indian,20,Daule,Invierno,False,Jamaica,Costa
12,Man,black,8,Salinas,Verano,False,Fanta,Costa
63,Man,black,15,Milagro,Verano,True,Agua mineral,Costa
45,Woman,black,16,Tena,Invierno,True,Ginger Ale,Oriente
41,Woman,indian,10,Riobamba,Invierno,True,Guarana,Sierra
37,Man,black,8,Jipijapa,Invierno,False,Fanta,Costa
44,Man,asian,16,Bolivar,Invierno,False,Jamaica,Sierra
23,Woman,asian,19,Yaguachi,Verano,True,Fanta,Costa
47,Man,middle eastern,13,Cuenca,Verano,True,Ginger Ale,Sierra
15,Man,middle eastern,10,Nueva Loja,Verano,True,Coca-Cola,Oriente
23,Man,black,11,Coca,Verano,False,Tonica,Oriente
37,Man,middle eastern,14,Daule,Verano,True,Jamaica,Costa
43,Man,indian,16,La Libertad,Verano,False,Ginger Ale,Costa
26,Woman,latino hispanic,10,San Lorenzo,Invierno,True,Jamaica,Costa
13,Man,indian,10,La Libertad,Invierno,True,Ginger Ale,Costa
30,Man,middle eastern,10,Chone,Verano,False,7-Up,Costa
66,Woman,latino hispanic,13,Quito,Invierno,False,7-Up,Sierra
41,Woman,middle eastern,8,Atuntaqui,Invierno,False,Jamaica,Sierra
55,Woman,indian,13,Ambato,Invierno,True,Fanta,Sierra
65,Man,middle eastern,11,Naranjal,Verano,True,Pepsi,Costa
37,Woman,latino hispanic,13,Puerto Ayora,Verano,True,Agua mineral,Galapagos
32,Man,black,8,Cayambe,Verano,True,7-Up,Sierra
12,Woman,latino hispanic,16,Yaguachi,Verano,True,Tonica,Costa
24,Man,black,14,La Libertad,Invierno,True,Guarana,Costa
29,Man,black,16,Puyo,Verano,False,7-Up,Oriente
19,Woman,latino hispanic,19,Bolivar,Invierno,True,Fanta,Sierra
39,Woman,black,8,Yaguachi,Verano,True,Agua mineral,Costa
65,Woman,black,16,Balzar,Verano,True,Guarana,Costa
48,Woman,white,17,Catamayo,Verano,True,Agua mineral,Sierra
68,Woman,black,22,Jipijapa,Verano,True,Pepsi,Costa
33,Woman,black,10,Yaguachi,Verano,False,Tonica,Costa
55,Woman,asian,14,Sucre,Invierno,True,Tonica,Costa
68,Woman,indian,13,Riobamba,Invierno,False,Pepsi,Sierra
50,Man,black,8,Guayaquil,Invierno,False,Coca-Cola,Costa
69,Woman,latino hispanic,13,Puerto Villamil,Invierno,True,Tonica,Galapagos
13,Man,latino hispanic,18,San Lorenzo,Verano,True,7-Up,Costa
37,Woman,asian,16,Ambato,Verano,False,Fanta,Sierra
41,Man,white,11,Babahoyo,Invierno,True,Tonica,Costa
68,Woman,middle eastern,14,Santa Rosa,Verano,True,7-Up,Costa
10,Woman,middle eastern,9,La Mana,Invierno,False,Jamaica,Sierra
48,Man,middle eastern,13,Balzar,Invierno,True,Pepsi,Costa
29,Woman,black,11,Santa Ana,Verano,False,Agua mineral,Costa
36,Woman,latino hispanic,21,Bolivar,Verano,True,Jamaica,Sierra
67,Woman,black,19,Tena,Invierno,False,Ginger Ale,Oriente
37,Woman,indian,17,Guaranda,Verano,False,Pepsi,Sierra
15,Man,black,13,Catamayo,Invierno,True,Fanta,Sierra
18,Man,asian,12,Nueva Loja,Verano,True,7-Up,Oriente
63,Man,indian,18,Cayambe,Invierno,True,Ginger Ale,Sierra
11,Man,asian,15,Playas,Invierno,False,Ginger Ale,Costa
22,Woman,white,12,Azogues,Verano,False,Tonica,Sierra
29,Woman,latino hispanic,12,Pinas,Verano,False,Jamaica,Costa
26,Woman,latino hispanic,15,Banos,Invierno,True,Coca-Cola,Costa
36,Woman,asian,11,La Libertad,Invierno,False,Jamaica,Costa
14,Woman,white,20,Ambato,Invierno,False,Guarana,Sierra
27,Man,middle eastern,8,Pedernales,Verano,True,Coca-Cola,Costa
51,Woman,white,16,Puerto Francisco de Orellana,Invierno,False,Coca-Cola,Oriente
56,Man,indian,20,Santa Ana,Verano,False,Fanta,Costa
36,Man,black,13,Tulcan,Verano,False,Pepsi,Sierra
22,Woman,middle eastern,13,Gonzanama,Verano,True,Pepsi,Sierra
53,Man,asian,8,Yaguachi,Invierno,False,Ginger Ale,Costa
41,Woman,latino hispanic,21,Pedernales,Verano,True,Fanta,Costa
37,Man,indian,9,Bolivar,Invierno,True,Tonica,Sierra
53,Woman,latino hispanic,12,Calceta,Verano,True,Coca-Cola,Costa
24,Man,black,9,Pelileo,Verano,True,Guarana,Sierra
64,Woman,black,8,Calceta,Verano,True,7-Up,Costa
60,Woman,black,21,Santo Domingo de los Tsachilas,Verano,True,Agua mineral,Costa
23,Man,indian,21,Cayambe,Invierno,False,7-Up,Sierra
38,Woman,white,21,Yantzaza,Verano,True,Jamaica,Oriente
16,Woman,white,11,Rocafuerte,Verano,True,Pepsi,Costa
69,Woman,white,15,Daule,Invierno,False,7-Up,Costa
45,Woman,asian,15,Macas,Verano,True,Jamaica,Oriente
16,Woman,asian,17,Santa Ana,Invierno,False,Tonica,Costa
69,Man,indian,15,Calceta,Verano,True,Fanta,Costa
18,Woman,asian,8,La Libertad,Verano,False,Guarana,Costa
69,Woman,black,12,Muisne,Invierno,True,Jamaica,Costa
53,Woman,latino hispanic,22,La Troncal,Verano,False,Tonica,Costa
26,Man,middle eastern,16,Pedernales,Verano,True,Jamaica,Costa
38,Man,latino hispanic,22,Samborondon,Invierno,False,Jamaica,Costa
29,Man,black,11,El Carmen,Invierno,False,Tonica,Costa
34,Man,asian,13,Balzar,Verano,True,Jamaica,Costa
35,Woman,latino hispanic,18,Catamayo,Verano,True,Coca-Cola,Sierra
58,Woman,latino hispanic,17,Milagro,Invierno,True,Jamaica,Costa
26,Woman,white,19,Pasaje,Invierno,False,7-Up,Costa
18,Man,indian,19,Salinas,Invierno,False,Sprite,Costa
58,Woman,middle eastern,8,Naranjal,Invierno,True,Pepsi,Costa
24,Man,middle eastern,18,Machachi,Verano,True,Sprite,Sierra
64,Woman,asian,14,La Mana,Invierno,False,Coca-Cola,Sierra
66,Man,latino hispanic,21,Montecristi,Invierno,False,Tonica,Costa
56,Woman,middle eastern,11,Guayaquil,Invierno,True,Agua mineral,Costa
68,Man,black,14,Rosa Zarate,Invierno,True,Jamaica,Costa
39,Man,asian,10,La Libertad,Invierno,False,Pepsi,Costa
19,Man,asian,17,Pelileo,Verano,False,Sprite,Sierra
36,Man,black,13,Azogues,Verano,False,Sprite,Sierra
55,Man,asian,8,Samborondon,Invierno,True,Fanta,Costa
45,Man,black,16,La Mana,Verano,True,Sprite,Sierra
47,Man,indian,20,Babahoyo,Verano,False,Tonica,Costa
26,Man,asian,9,La Mana,Invierno,False,Coca-Cola,Sierra
34,Woman,asian,21,Pasaje,Invierno,False,Jamaica,Costa
22,Man,indian,8,Cotacachi,Invierno,True,Tonica,Sierra
18,Woman,latino hispanic,13,Daule,Invierno,True,Pepsi,Costa
28,Woman,latino hispanic,21,Yantzaza,Invierno,True,Jamaica,Oriente
51,Man,asian,14,Daule,Verano,True,Agua mineral,Costa
31,Woman,asian,16,La Troncal,Verano,True,Sprite,Costa
62,Man,white,8,Yaguachi,Verano,True,Pepsi,Costa
24,Woman,white,11,Latacunga,Invierno,False,Jamaica,Sierra
14,Woman,latino hispanic,9,Gualaceo,Verano,False,Pepsi,Sierra
61,Man,latino hispanic,22,Puerto Ayora,Verano,False,Coca-Cola,Galapagos
33,Man,latino hispanic,15,Jipijapa,Invierno,False,Agua mineral,Costa
55,Woman,asian,16,Ibarra,Invierno,False,Tonica,Sierra
16,Woman,latino hispanic,13,Ambato,Invierno,True,Tonica,Sierra
48,Woman,indian,11,Yaguachi,Invierno,True,Pepsi,Costa
53,Man,asian,17,Catamayo,Verano,True,Jamaica,Sierra
61,Woman,indian,12,Tena,Verano,False,7-Up,Oriente
57,Woman,latino hispanic,8,Calceta,Invierno,True,7-Up,Costa
44,Woman,black,20,Daule,Verano,True,Jamaica,Costa
49,Man,white,18,Gonzanama,Verano,True,Ginger Ale,Sierra
25,Man,latino hispanic,22,Ambato,Invierno,True,Jamaica,Sierra
41,Man,white,17,Manta,Invierno,True,Jamaica,Costa
11,Man,indian,21,Ibarra,Invierno,True,Coca-Cola,Sierra
58,Man,indian,22,Playas,Invierno,True,Jamaica,Costa
21,Man,indian,14,Santa Rosa,Verano,True,Fanta,Costa
42,Woman,indian,8,Puerto Francisco de Orellana,Invierno,False,Tonica,Oriente
13,Man,latino hispanic,22,Rocafuerte,Invierno,False,Ginger Ale,Costa
35,Woman,white,15,Muisne,Verano,False,Jamaica,Costa
10,Woman,indian,18,Machala,Verano,True,Tonica,Costa
66,Woman,asian,16,Macas,Verano,False,Ginger Ale,Oriente
52,Woman,latino hispanic,12,Machala,Invierno,False,Coca-Cola,Costa
10,Man,white,10,Cuenca,Verano,True,Ginger Ale,Sierra
64,Woman,middle eastern,10,Nueva Loja,Verano,True,Agua mineral,Oriente
17,Woman,white,10,Santa Ana,Verano,True,Pepsi,Costa
22,Man,latino hispanic,18,Cariamanga,Verano,True,Fanta,Sierra
55,Man,latino hispanic,17,Santa Ana,Verano,True,Coca-Cola,Costa
64,Woman,indian,12,Esmeraldas,Invierno,False,Pepsi,Costa
48,Woman,middle eastern,15,Babahoyo,Invierno,False,Fanta,Costa
21,Man,middle eastern,17,Ambato,Verano,True,Pepsi,Sierra
31,Woman,indian,13,Santa Ana,Verano,False,Ginger Ale,Costa
68,Man,latino hispanic,20,Machachi,Invierno,True,Tonica,Sierra
67,Woman,middle eastern,22,Riobamba,Verano,True,Sprite,Sierra
30,Man,indian,13,Guayaquil,Invierno,False,Agua mineral,Costa
68,Man,black,22,Guaranda,Invierno,True,7-Up,Sierra
64,Woman,latino hispanic,8,Atuntaqui,Verano,False,Ginger Ale,Sierra
16,Woman,white,17,Puerto Ayora,Invierno,False,Guarana,Galapagos
16,Woman,black,13,Cayambe,Invierno,True,Coca-Cola,Sierra
63,Man,black,12,Tulcan,Verano,False,Agua mineral,Sierra
39,Woman,white,15,Santo Domingo de los Tsachilas,Invierno,True,Ginger Ale,Costa
10,Man,middle eastern,22,Sucre,Invierno,False,Sprite,Costa
60,Woman,middle eastern,12,Daule,Verano,False,Ginger Ale,Costa
54,Woman,indian,18,Guaranda,Invierno,False,Jamaica,Sierra
31,Woman,asian,20,Playas,Verano,False,Fanta,Costa
67,Woman,middle eastern,18,Esmeraldas,Invierno,False,Jamaica,Costa
48,Man,indian,8,Tena,Verano,True,Pepsi,Oriente
39,Man,latino hispanic,15,El Carmen,Verano,True,Sprite,Costa
49,Man,middle eastern,13,Latacunga,Invierno,False,Tonica,Sierra
67,Man,latino hispanic,17,Santa Ana,Invierno,True,Tonica,Costa
27,Man,latino hispanic,8,Rocafuerte,Verano,False,Fanta,Costa
66,Man,black,12,Vinces,Invierno,True,Agua mineral,Costa
67,Woman,middle eastern,20,Gonzanama,Verano,False,Ginger Ale,Sierra
52,Man,black,10,Latacunga,Invierno,True,Coca-Cola,Sierra
21,Man,white,20,Quito,Invierno,True,Sprite,Sierra
49,Woman,middle eastern,20,Riobamba,Invierno,False,Jamaica,Sierra
11,Man,middle eastern,20,Bolivar,Invierno,True,Pepsi,Sierra
22,Woman,asian,18,Cuenca,Invierno,True,Guarana,Sierra
26,Woman,white,18,El Carmen,Verano,True,Fanta,Costa
12,Man,middle eastern,12,Atuntaqui,Verano,False,Sprite,Sierra
27,Woman,middle eastern,22,Gualaceo,Invierno,True,Guarana,Sierra
68,Woman,indian,18,Gualaceo,Verano,False,Ginger Ale,Sierra
45,Man,middle eastern,21,Cotacachi,Invierno,True,Guarana,Sierra
47,Man,asian,22,Gonzanama,Invierno,False,Tonica,Sierra
49,Man,latino hispanic,20,Santa Elena,Invierno,True,Coca-Cola,Costa
54,Man,indian,11,Naranjal,Verano,False,Fanta,Costa
43,Man,asian,20,Pasaje,Verano,True,Guarana,Costa
42,Woman,latino hispanic,8,Cayambe,Verano,True,Sprite,Sierra
30,Woman,white,10,Calceta,Verano,True,Ginger Ale,Costa
24,Man,middle eastern,8,Puyo,Verano,True,Ginger Ale,Oriente
48,Woman,middle eastern,15,Santa Ana,Verano,False,7-Up,Costa
69,Man,asian,20,Milagro,Invierno,True,Ginger Ale,Costa
40,Man,latino hispanic,20,Guayaquil,Verano,True,Fanta,Costa
60,Man,indian,22,Santo Domingo de los Tsachilas,Invierno,False,Agua mineral,Costa
31,Man,latino hispanic,16,Guaranda,Invierno,True,Pepsi,Sierra
47,Man,middle eastern,17,Santa Ana,Invierno,False,Jamaica,Costa
67,Woman,white,14,Guaranda,Verano,False,7-Up,Sierra
37,Man,latino hispanic,20,La Mana,Invierno,False,Fanta,Sierra
70,Woman,middle eastern,17,Cuenca,Verano,True,Ginger Ale,Sierra
51,Woman,black,22,Portoviejo,Invierno,False,Pepsi,Costa
50,Man,middle eastern,10,Chone,Verano,True,Ginger Ale,Costa
24,Woman,white,19,Santa Ana,Verano,True,Sprite,Costa
36,Man,black,10,Guayaquil,Verano,False,Pepsi,Costa
23,Man,latino hispanic,11,Rosa Zarate,Verano,True,Guarana,Costa
27,Woman,asian,12,Cuenca,Verano,True,Pepsi,Sierra
19,Man,asian,17,Muisne,Verano,True,Guarana,Costa
16,Man,latino hispanic,16,Machala,Verano,False,Coca-Cola,Costa
59,Woman,indian,8,Muisne,Verano,False,Coca-Cola,Costa
21,Man,middle eastern,16,Ambato,Verano,True,7-Up,Sierra
50,Woman,indian,17,Puyo,Invierno,False,Fanta,Oriente
68,Man,black,10,La Mana,Invierno,False,Ginger Ale,Sierra
26,Woman,white,8,Cayambe,Invierno,True,Agua mineral,Sierra
55,Woman,white,11,Naranjal,Invierno,True,Coca-Cola,Costa
67,Man,middle eastern,13,San Gabriel,Verano,False,Fanta,Sierra
70,Woman,middle eastern,20,Macas,Verano,True,Coca-Cola,Oriente
63,Man,black,12,Esmeraldas,Verano,False,Coca-Cola,Costa
31,Man,asian,8,Puyo,Invierno,False,Guarana,Oriente
46,Woman,white,13,Machachi,Invierno,False,Sprite,Sierra
25,Woman,middle eastern,10,Santa Ana,Verano,True,Tonica,Costa
11,Man,black,21,Macas,Invierno,True,Ginger Ale,Oriente
47,Woman,indian,15,Cuenca,Verano,False,Sprite,Sierra
51,Man,latino hispanic,17,Vinces,Verano,False,Coca-Cola,Costa
60,Woman,black,13,Machala,Invierno,False,Pepsi,Costa
65,Man,latino hispanic,21,Chone,Verano,True,7-Up,Costa
59,Woman,middle eastern,9,Esmeraldas,Verano,False,Jamaica,Costa
34,Man,asian,9,Riobamba,Invierno,True,Jamaica,Sierra
18,Man,asian,12,Quito,Verano,True,Ginger Ale,Sierra
30,Woman,latino hispanic,15,Puyo,Verano,True,7-Up,Oriente
59,Man,black,9,Coca,Verano,True,Jamaica,Oriente
51,Woman,latino hispanic,13,Nueva Loja,Verano,True,Sprite,Oriente
27,Man,white,11,Balzar,Verano,False,Tonica,Costa
14,Woman,asian,8,Zamora,Invierno,True,Ginger Ale,Oriente
24,Man,indian,15,Zamora,Invierno,False,Guarana,Oriente
35,Woman,middle eastern,10,Daule,Verano,False,Agua mineral,Costa
28,Man,asian,19,Milagro,Invierno,True,Tonica,Costa
60,Woman,indian,21,Riobamba,Invierno,False,Coca-Cola,Sierra
59,Man,white,11,Rocafuerte,Invierno,True,Ginger Ale,Costa
41,Woman,latino hispanic,9,Milagro,Invierno,True,Tonica,Costa
40,Woman,latino hispanic,9,Macas,Invierno,False,7-Up,Oriente
63,Man,black,16,Pasaje,Invierno,True,Coca-Cola,Costa
21,Man,asian,18,Naranjal,Verano,True,Tonica,Costa
59,Man,indian,9,Coca,Verano,True,Pepsi,Oriente
51,Woman,latino hispanic,16,Ibarra,Invierno,True,Tonica,Sierra
32,Man,indian,8,Pasaje,Verano,False,Tonica,Costa
22,Man,asian,13,Banos,Verano,True,Pepsi,Costa
18,Man,black,11,Latacunga,Verano,True,Coca-Cola,Sierra
56,Woman,latino hispanic,8,San Vicente,Verano,True,Ginger Ale,Costa
32,Woman,indian,12,La Libertad,Invierno,False,Ginger Ale,Costa
35,Man,latino hispanic,22,Milagro,Verano,True,Coca-Cola,Costa
43,Man,indian,22,Puerto Villamil,Invierno,False,Jamaica,Galapagos
11,Man,indian,17,Portoviejo,Invierno,True,Guarana,Costa
44,Woman,black,8,Atuntaqui,Verano,True,Ginger Ale,Sierra
45,Man,latino hispanic,16,Loja,Verano,True,Jamaica,Sierra
68,Man,middle eastern,18,Tulcan,Invierno,True,Tonica,Sierra
15,Woman,latino hispanic,21,Ibarra,Verano,False,Tonica,Sierra
66,Man,latino hispanic,18,Puerto Ayora,Verano,True,7-Up,Galapagos
12,Woman,middle eastern,11,Machachi,Verano,True,Agua mineral,Sierra
41,Man,middle eastern,12,Yantzaza,Verano,False,Fanta,Oriente
47,Woman,latino hispanic,18,Yantzaza,Invierno,True,Agua mineral,Oriente
67,Woman,white,13,Zamora,Verano,False,Pepsi,Oriente
42,Woman,indian,14,Puerto Villamil,Verano,True,Guarana,Galapagos
20,Man,white,18,Milagro,Invierno,False,Sprite,Costa
44,Woman,latino hispanic,8,Gualaceo,Verano,True,7-Up,Sierra
51,Man,middle eastern,8,Portoviejo,Verano,True,Tonica,Costa
55,Woman,middle eastern,9,Pelileo,Verano,False,Fanta,Sierra
19,Woman,latino hispanic,18,Catamayo,Verano,True,Sprite,Sierra
58,Woman,indian,12,Playas,Invierno,False,Coca-Cola,Costa
59,Man,black,18,Manta,Invierno,True,Tonica,Costa
56,Man,indian,19,San Gabriel,Verano,False,Coca-Cola,Sierra
55,Man,middle eastern,19,Vinces,Verano,False,Fanta,Costa
14,Woman,indian,13,Salinas,Verano,False,7-Up,Costa
14,Man,latino hispanic,18,Nueva Loja,Verano,True,Guarana,Oriente
63,Woman,black,9,Daule,Invierno,False,Fanta,Costa
49,Man,asian,14,Bolivar,Verano,False,7-Up,Sierra
14,Woman,middle eastern,10,Quito,Invierno,True,Coca-Cola,Sierra
29,Woman,latino hispanic,18,Yaguachi,Invierno,False,7-Up,Costa
33,Man,asian,18,Jipijapa,Invierno,False,Pepsi,Costa
52,Man,asian,16,Calceta,Verano,False,Agua mineral,Costa
54,Woman,indian,10,San Gabriel,Verano,True,Jamaica,Sierra
22,Woman,indian,12,Baños de Agua Santa,Verano,False,7-Up,Sierra
51,Woman,white,19,Santa Rosa,Invierno,False,Sprite,Costa
66,Man,black,20,Santa Rosa,Verano,False,Agua mineral,Costa
13,Woman,black,9,Tena,Verano,True,Jamaica,Oriente
15,Man,white,13,Baños de Agua Santa,Invierno,True,Fanta,Sierra
58,Man,black,16,Santo Domingo de los Tsachilas,Invierno,False,Coca-Cola,Costa
53,Man,latino hispanic,11,Daule,Invierno,True,Fanta,Costa
70,Man,indian,13,Rosa Zarate,Invierno,True,Fanta,Costa
52,Man,latino hispanic,15,Loja,Verano,False,Ginger Ale,Sierra
58,Woman,middle eastern,20,Manta,Invierno,True,Guarana,Costa
51,Man,black,11,Banos,Verano,True,Jamaica,Costa
55,Woman,indian,11,San Gabriel,Invierno,True,Agua mineral,Sierra
36,Woman,latino hispanic,18,Loja,Invierno,True,7-Up,Sierra
40,Man,latino hispanic,16,Tulcan,Invierno,True,Tonica,Sierra
53,Man,indian,13,Gualaceo,Invierno,True,Sprite,Sierra
22,Woman,black,14,La Mana,Invierno,True,Tonica,Sierra
34,Woman,white,19,Babahoyo,Verano,False,Pepsi,Costa
34,Woman,middle eastern,12,Santa Rosa,Verano,False,Coca-Cola,Costa
60,Woman,indian,19,Santa Elena,Invierno,True,7-Up,Costa
27,Man,black,22,Guaranda,Invierno,True,Fanta,Sierra
55,Woman,asian,20,Calceta,Verano,True,Ginger Ale,Costa
45,Man,white,12,Puyo,Invierno,False,Jamaica,Oriente
65,Man,white,11,Cuenca,Verano,False,7-Up,Sierra
28,Man,middle eastern,14,Pasaje,Verano,True,Fanta,Costa
62,Woman,black,9,Nueva Loja,Verano,True,Pepsi,Oriente
54,Woman,black,21,San Vicente,Verano,False,Guarana,Costa
55,Man,latino hispanic,19,Guaranda,Invierno,True,Sprite,Sierra
44,Woman,white,11,Riobamba,Verano,False,Jamaica,Sierra
11,Man,white,13,Sucre,Verano,True,Ginger Ale,Costa
20,Woman,asian,16,Quito,Verano,True,Guarana,Sierra
58,Man,latino hispanic,14,Tulcan,Invierno,False,Coca-Cola,Sierra
22,Man,asian,11,Quito,Verano,False,Coca-Cola,Sierra
44,Woman,indian,14,Catamayo,Verano,False,Tonica,Sierra
23,Woman,indian,15,Banos,Verano,False,Agua mineral,Costa
66,Man,latino hispanic,9,Cotacachi,Verano,True,Sprite,Sierra
32,Woman,latino hispanic,12,Sucre,Verano,False,Pepsi,Costa
23,Woman,black,13,Quito,Invierno,False,Tonica,Sierra
51,Woman,middle eastern,16,Bolivar,Verano,True,Ginger Ale,Sierra
38,Man,asian,16,Puerto López,Verano,False,Jamaica,Costa
63,Woman,asian,18,Santa Ana,Verano,False,Ginger Ale,Costa
54,Man,middle eastern,21,Milagro,Verano,True,7-Up,Costa
58,Woman,black,22,Esmeraldas,Verano,True,Jamaica,Costa
46,Woman,latino hispanic,18,Catamayo,Verano,True,Agua mineral,Sierra
47,Woman,black,14,Balzar,Verano,False,Fanta,Costa
47,Man,middle eastern,12,La Libertad,Invierno,True,Tonica,Costa
38,Woman,indian,8,Pasaje,Invierno,True,Jamaica,Costa
67,Man,middle eastern,18,Babahoyo,Invierno,False,Sprite,Costa
40,Woman,asian,11,Santa Rosa,Invierno,True,Jamaica,Costa
53,Woman,asian,18,Guayaquil,Verano,False,Coca-Cola,Costa
19,Man,white,8,San Gabriel,Verano,False,Tonica,Sierra
67,Man,middle eastern,20,Puerto Villamil,Verano,False,Tonica,Galapagos
49,Woman,asian,21,Muisne,Invierno,False,7-Up,Costa
21,Man,white,22,Latacunga,Invierno,True,Pepsi,Sierra
24,Woman,asian,13,Cariamanga,Invierno,False,Tonica,Sierra
36,Man,white,9,Puerto López,Verano,False,Agua mineral,Costa
22,Man,latino hispanic,17,Santa Ana,Verano,False,7-Up,Costa
21,Man,latino hispanic,13,Puyo,Invierno,False,Ginger Ale,Oriente
63,Woman,indian,18,Milagro,Verano,False,Fanta,Costa
27,Woman,black,14,Pedernales,Verano,False,Coca-Cola,Costa
52,Man,black,15,Naranjal,Invierno,False,Tonica,Costa
16,Man,latino hispanic,18,Pelileo,Invierno,True,Pepsi,Sierra
40,Man,black,15,Daule,Verano,True,Fanta,Costa
50,Man,latino hispanic,22,Puerto López,Verano,True,Sprite,Costa
27,Woman,indian,11,Ambato,Verano,False,7-Up,Sierra
42,Woman,indian,9,Playas,Verano,False,Tonica,Costa
18,Woman,asian,20,Pelileo,Verano,False,Jamaica,Sierra
62,Woman,latino hispanic,21,Loja,Verano,False,Sprite,Sierra
64,Woman,asian,14,Santa Elena,Invierno,False,Pepsi,Costa
19,Man,asian,22,Esmeraldas,Invierno,True,Guarana,Costa
13,Man,white,21,Rocafuerte,Invierno,True,Fanta,Costa
64,Woman,asian,10,Cayambe,Invierno,False,Coca-Cola,Sierra
43,Man,indian,17,Pelileo,Invierno,False,Pepsi,Sierra
66,Man,white,10,Azogues,Verano,True,Ginger Ale,Sierra
42,Woman,indian,17,Puyo,Invierno,False,Pepsi,Oriente
16,Woman,white,20,Machala,Verano,True,Coca-Cola,Costa
54,Man,white,13,Pelileo,Verano,True,Sprite,Sierra
30,Man,asian,20,Yaguachi,Invierno,True,Jamaica,Costa
48,Man,white,21,Banos,Verano,True,Tonica,Costa
19,Man,indian,11,Santa Ana,Invierno,True,Tonica,Costa
59,Woman,asian,14,Manta,Invierno,True,Fanta,Costa
51,Man,latino hispanic,15,Vinces,Verano,False,Guarana,Costa
18,Man,middle eastern,13,Playas,Invierno,False,Agua mineral,Costa
60,Woman,latino hispanic,20,Cotacachi,Verano,True,Ginger Ale,Sierra
19,Man,white,11,Azogues,Invierno,False,Fanta,Sierra
31,Woman,indian,21,Coca,Invierno,False,Coca-Cola,Oriente
67,Man,indian,14,Guayaquil,Verano,True,Sprite,Costa
36,Man,asian,13,Pasaje,Invierno,False,Ginger Ale,Costa
42,Man,latino hispanic,12,Esmeraldas,Verano,True,Jamaica,Costa
45,Woman,white,10,Muisne,Verano,False,Tonica,Costa
35,Man,latino hispanic,17,Guaranda,Verano,False,Jamaica,Sierra
19,Woman,white,14,Cuenca,Invierno,True,Sprite,Sierra
32,Man,indian,13,Pedernales,Invierno,True,Guarana,Costa
66,Man,middle eastern,13,Esmeraldas,Verano,False,Guarana,Costa
33,Woman,indian,18,Ambato,Invierno,False,Tonica,Sierra
10,Woman,white,14,Latacunga,Verano,False,Tonica,Sierra
54,Man,middle eastern,16,Montecristi,Verano,False,Jamaica,Costa
15,Man,middle eastern,18,Puerto Villamil,Verano,False,Sprite,Galapagos
18,Man,middle eastern,11,Guayaquil,Verano,True,Guarana,Costa
70,Man,indian,22,Vinces,Verano,False,Sprite,Costa
15,Man,latino hispanic,12,Manta,Verano,True,Agua mineral,Costa
10,Man,white,14,Naranjal,Verano,False,Jamaica,Costa
62,Man,latino hispanic,9,Cayambe,Verano,False,Guarana,Sierra
63,Man,indian,19,Machala,Invierno,True,Agua mineral,Costa
46,Woman,middle eastern,15,San Vicente,Invierno,False,7-Up,Costa
15,Man,asian,22,La Libertad,Verano,True,Pepsi,Costa
40,Woman,indian,12,Guaranda,Verano,False,Sprite,Sierra
41,Man,asian,19,Santa Rosa,Invierno,False,Tonica,Costa
